,last,new_original,new_432,new_128
0,https://deshevle-tut.ru/wp-content/uploads/2019/07/IMG_20190703_101637.jpg,https://deshevle-tut.ru/data/photos/original/IMG_20190703_101637.jpg,https://deshevle-tut.ru/data/photos/432/432__IMG_20190703_101637.jpg,https://deshevle-tut.ru/data/photos/128/128__IMG_20190703_101637.jpg
1,https://deshevle-tut.ru/wp-content/uploads/2019/07/IMG_20190703_101637.jpg,https://deshevle-tut.ru/data/photos/original/IMG_20190703_101637.jpg,https://deshevle-tut.ru/data/photos/432/432__IMG_20190703_101637.jpg,https://deshevle-tut.ru/data/photos/128/128__IMG_20190703_101637.jpg
2,https://deshevle-tut.ru/wp-content/uploads/2019/07/IMG_20190703_101637.jpg,https://deshevle-tut.ru/data/photos/original/IMG_20190703_101637.jpg,https://deshevle-tut.ru/data/photos/432/432__IMG_20190703_101637.jpg,https://deshevle-tut.ru/data/photos/128/128__IMG_20190703_101637.jpg
3,https://deshevle-tut.ru/wp-content/uploads/2019/07/IMG_20190619_134642.jpg,https://deshevle-tut.ru/data/photos/original/IMG_20190619_134642.jpg,https://deshevle-tut.ru/data/photos/432/432__IMG_20190619_134642.jpg,https://deshevle-tut.ru/data/photos/128/128__IMG_20190619_134642.jpg
4,https://deshevle-tut.ru/wp-content/uploads/2019/07/IMG_20190520_103858-scaled.jpg,https://deshevle-tut.ru/data/photos/original/IMG_20190520_103858-scaled.jpg,https://deshevle-tut.ru/data/photos/432/432__IMG_20190520_103858-scaled.jpg,https://deshevle-tut.ru/data/photos/128/128__IMG_20190520_103858-scaled.jpg
5,https://deshevle-tut.ru/wp-content/uploads/2019/07/GUR-ZIL.jpg,https://deshevle-tut.ru/data/photos/original/GUR-ZIL.jpg,https://deshevle-tut.ru/data/photos/432/432__GUR-ZIL.jpg,https://deshevle-tut.ru/data/photos/128/128__GUR-ZIL.jpg
6,https://deshevle-tut.ru/wp-content/uploads/2019/07/Starter-RZHEV-1.jpg,https://deshevle-tut.ru/data/photos/original/Starter-RZHEV-1.jpg,https://deshevle-tut.ru/data/photos/432/432__Starter-RZHEV-1.jpg,https://deshevle-tut.ru/data/photos/128/128__Starter-RZHEV-1.jpg
7,https://deshevle-tut.ru/wp-content/uploads/2019/07/IMG_20190619_152921.jpg,https://deshevle-tut.ru/data/photos/original/IMG_20190619_152921.jpg,https://deshevle-tut.ru/data/photos/432/432__IMG_20190619_152921.jpg,https://deshevle-tut.ru/data/photos/128/128__IMG_20190619_152921.jpg
8,https://deshevle-tut.ru/wp-content/uploads/2019/07/Energoakkumulyator-tip-20.jpg,https://deshevle-tut.ru/data/photos/original/Energoakkumulyator-tip-20.jpg,https://deshevle-tut.ru/data/photos/432/432__Energoakkumulyator-tip-20.jpg,https://deshevle-tut.ru/data/photos/128/128__Energoakkumulyator-tip-20.jpg
9,https://deshevle-tut.ru/wp-content/uploads/2019/07/starter-evro.jpg,https://deshevle-tut.ru/data/photos/original/starter-evro.jpg,https://deshevle-tut.ru/data/photos/432/432__starter-evro.jpg,https://deshevle-tut.ru/data/photos/128/128__starter-evro.jpg
10,https://deshevle-tut.ru/wp-content/uploads/2019/07/sidene.jpg,https://deshevle-tut.ru/data/photos/original/sidene.jpg,https://deshevle-tut.ru/data/photos/432/432__sidene.jpg,https://deshevle-tut.ru/data/photos/128/128__sidene.jpg
11,https://deshevle-tut.ru/wp-content/uploads/2019/07/Pompa-ural.jpg,https://deshevle-tut.ru/data/photos/original/Pompa-ural.jpg,https://deshevle-tut.ru/data/photos/432/432__Pompa-ural.jpg,https://deshevle-tut.ru/data/photos/128/128__Pompa-ural.jpg
12,https://deshevle-tut.ru/wp-content/uploads/2019/07/Nasos-gura-ELETS.jpg,https://deshevle-tut.ru/data/photos/original/Nasos-gura-ELETS.jpg,https://deshevle-tut.ru/data/photos/432/432__Nasos-gura-ELETS.jpg,https://deshevle-tut.ru/data/photos/128/128__Nasos-gura-ELETS.jpg
13,https://deshevle-tut.ru/wp-content/uploads/2019/07/Nasos-vodyanoj-evro-2.jpg,https://deshevle-tut.ru/data/photos/original/Nasos-vodyanoj-evro-2.jpg,https://deshevle-tut.ru/data/photos/432/432__Nasos-vodyanoj-evro-2.jpg,https://deshevle-tut.ru/data/photos/128/128__Nasos-vodyanoj-evro-2.jpg
14,https://deshevle-tut.ru/wp-content/uploads/2019/07/Myasorubka-2.jpg,https://deshevle-tut.ru/data/photos/original/Myasorubka-2.jpg,https://deshevle-tut.ru/data/photos/432/432__Myasorubka-2.jpg,https://deshevle-tut.ru/data/photos/128/128__Myasorubka-2.jpg
15,https://deshevle-tut.ru/wp-content/uploads/2019/07/karter-moda.jpg,https://deshevle-tut.ru/data/photos/original/karter-moda.jpg,https://deshevle-tut.ru/data/photos/432/432__karter-moda.jpg,https://deshevle-tut.ru/data/photos/128/128__karter-moda.jpg
16,https://deshevle-tut.ru/wp-content/uploads/2019/07/kompressor-vysokoproizvoditelnaya.jpg,https://deshevle-tut.ru/data/photos/original/kompressor-vysokoproizvoditelnaya.jpg,https://deshevle-tut.ru/data/photos/432/432__kompressor-vysokoproizvoditelnaya.jpg,https://deshevle-tut.ru/data/photos/128/128__kompressor-vysokoproizvoditelnaya.jpg
17,https://deshevle-tut.ru/wp-content/uploads/2019/07/Kompressor-1-tsilindr-KAMAZ-1.jpg,https://deshevle-tut.ru/data/photos/original/Kompressor-1-tsilindr-KAMAZ-1.jpg,https://deshevle-tut.ru/data/photos/432/432__Kompressor-1-tsilindr-KAMAZ-1.jpg,https://deshevle-tut.ru/data/photos/128/128__Kompressor-1-tsilindr-KAMAZ-1.jpg
18,https://deshevle-tut.ru/wp-content/uploads/2019/07/kompressor-MAZ.jpg,https://deshevle-tut.ru/data/photos/original/kompressor-MAZ.jpg,https://deshevle-tut.ru/data/photos/432/432__kompressor-MAZ.jpg,https://deshevle-tut.ru/data/photos/128/128__kompressor-MAZ.jpg
19,https://deshevle-tut.ru/wp-content/uploads/2019/07/Disk-stsepleniya-1.jpg,https://deshevle-tut.ru/data/photos/original/Disk-stsepleniya-1.jpg,https://deshevle-tut.ru/data/photos/432/432__Disk-stsepleniya-1.jpg,https://deshevle-tut.ru/data/photos/128/128__Disk-stsepleniya-1.jpg
20,https://deshevle-tut.ru/wp-content/uploads/2019/07/Disk-stsepleniya-1.jpg,https://deshevle-tut.ru/data/photos/original/Disk-stsepleniya-1.jpg,https://deshevle-tut.ru/data/photos/432/432__Disk-stsepleniya-1.jpg,https://deshevle-tut.ru/data/photos/128/128__Disk-stsepleniya-1.jpg
21,https://deshevle-tut.ru/wp-content/uploads/2019/07/GUR-SHNKF-speredi.jpg,https://deshevle-tut.ru/data/photos/original/GUR-SHNKF-speredi.jpg,https://deshevle-tut.ru/data/photos/432/432__GUR-SHNKF-speredi.jpg,https://deshevle-tut.ru/data/photos/128/128__GUR-SHNKF-speredi.jpg
22,https://deshevle-tut.ru/wp-content/uploads/2019/07/GUR-RBL.jpg,https://deshevle-tut.ru/data/photos/original/GUR-RBL.jpg,https://deshevle-tut.ru/data/photos/432/432__GUR-RBL.jpg,https://deshevle-tut.ru/data/photos/128/128__GUR-RBL.jpg
23,https://deshevle-tut.ru/wp-content/uploads/2019/07/GUR-4310-1.jpg,https://deshevle-tut.ru/data/photos/original/GUR-4310-1.jpg,https://deshevle-tut.ru/data/photos/432/432__GUR-4310-1.jpg,https://deshevle-tut.ru/data/photos/128/128__GUR-4310-1.jpg
24,https://deshevle-tut.ru/wp-content/uploads/2019/07/GUR-5320-szadi.jpg,https://deshevle-tut.ru/data/photos/original/GUR-5320-szadi.jpg,https://deshevle-tut.ru/data/photos/432/432__GUR-5320-szadi.jpg,https://deshevle-tut.ru/data/photos/128/128__GUR-5320-szadi.jpg
25,https://deshevle-tut.ru/wp-content/uploads/2019/07/IMG_20190703_102238.jpg,https://deshevle-tut.ru/data/photos/original/IMG_20190703_102238.jpg,https://deshevle-tut.ru/data/photos/432/432__IMG_20190703_102238.jpg,https://deshevle-tut.ru/data/photos/128/128__IMG_20190703_102238.jpg
26,https://deshevle-tut.ru/wp-content/uploads/2019/07/IMG_20190703_102202.jpg,https://deshevle-tut.ru/data/photos/original/IMG_20190703_102202.jpg,https://deshevle-tut.ru/data/photos/432/432__IMG_20190703_102202.jpg,https://deshevle-tut.ru/data/photos/128/128__IMG_20190703_102202.jpg
27,https://deshevle-tut.ru/wp-content/uploads/2019/07/IMG_20190703_102050.jpg,https://deshevle-tut.ru/data/photos/original/IMG_20190703_102050.jpg,https://deshevle-tut.ru/data/photos/432/432__IMG_20190703_102050.jpg,https://deshevle-tut.ru/data/photos/128/128__IMG_20190703_102050.jpg
28,https://deshevle-tut.ru/wp-content/uploads/2019/07/IMG_20190703_100154.jpg,https://deshevle-tut.ru/data/photos/original/IMG_20190703_100154.jpg,https://deshevle-tut.ru/data/photos/432/432__IMG_20190703_100154.jpg,https://deshevle-tut.ru/data/photos/128/128__IMG_20190703_100154.jpg
29,https://deshevle-tut.ru/wp-content/uploads/2019/07/IMG_20190621_125857.jpg,https://deshevle-tut.ru/data/photos/original/IMG_20190621_125857.jpg,https://deshevle-tut.ru/data/photos/432/432__IMG_20190621_125857.jpg,https://deshevle-tut.ru/data/photos/128/128__IMG_20190621_125857.jpg
30,https://deshevle-tut.ru/wp-content/uploads/2019/07/IMG_20190621_124800.jpg,https://deshevle-tut.ru/data/photos/original/IMG_20190621_124800.jpg,https://deshevle-tut.ru/data/photos/432/432__IMG_20190621_124800.jpg,https://deshevle-tut.ru/data/photos/128/128__IMG_20190621_124800.jpg
31,https://deshevle-tut.ru/wp-content/uploads/2019/07/IMG_20190619_153716.jpg,https://deshevle-tut.ru/data/photos/original/IMG_20190619_153716.jpg,https://deshevle-tut.ru/data/photos/432/432__IMG_20190619_153716.jpg,https://deshevle-tut.ru/data/photos/128/128__IMG_20190619_153716.jpg
32,https://deshevle-tut.ru/wp-content/uploads/2019/07/IMG_20190619_153226.jpg,https://deshevle-tut.ru/data/photos/original/IMG_20190619_153226.jpg,https://deshevle-tut.ru/data/photos/432/432__IMG_20190619_153226.jpg,https://deshevle-tut.ru/data/photos/128/128__IMG_20190619_153226.jpg
33,https://deshevle-tut.ru/wp-content/uploads/2019/07/IMG_20190619_152549.jpg,https://deshevle-tut.ru/data/photos/original/IMG_20190619_152549.jpg,https://deshevle-tut.ru/data/photos/432/432__IMG_20190619_152549.jpg,https://deshevle-tut.ru/data/photos/128/128__IMG_20190619_152549.jpg
34,https://deshevle-tut.ru/wp-content/uploads/2019/07/IMG_20190619_151308.jpg,https://deshevle-tut.ru/data/photos/original/IMG_20190619_151308.jpg,https://deshevle-tut.ru/data/photos/432/432__IMG_20190619_151308.jpg,https://deshevle-tut.ru/data/photos/128/128__IMG_20190619_151308.jpg
35,https://deshevle-tut.ru/wp-content/uploads/2019/07/IMG_20190619_151127.jpg,https://deshevle-tut.ru/data/photos/original/IMG_20190619_151127.jpg,https://deshevle-tut.ru/data/photos/432/432__IMG_20190619_151127.jpg,https://deshevle-tut.ru/data/photos/128/128__IMG_20190619_151127.jpg
36,https://deshevle-tut.ru/wp-content/uploads/2019/07/IMG_20190619_150954.jpg,https://deshevle-tut.ru/data/photos/original/IMG_20190619_150954.jpg,https://deshevle-tut.ru/data/photos/432/432__IMG_20190619_150954.jpg,https://deshevle-tut.ru/data/photos/128/128__IMG_20190619_150954.jpg
37,https://deshevle-tut.ru/wp-content/uploads/2019/07/IMG_20190619_150744.jpg,https://deshevle-tut.ru/data/photos/original/IMG_20190619_150744.jpg,https://deshevle-tut.ru/data/photos/432/432__IMG_20190619_150744.jpg,https://deshevle-tut.ru/data/photos/128/128__IMG_20190619_150744.jpg
38,https://deshevle-tut.ru/wp-content/uploads/2019/08/IMG_20190619_135013.jpg,https://deshevle-tut.ru/data/photos/original/IMG_20190619_135013.jpg,https://deshevle-tut.ru/data/photos/432/432__IMG_20190619_135013.jpg,https://deshevle-tut.ru/data/photos/128/128__IMG_20190619_135013.jpg
39,https://deshevle-tut.ru/wp-content/uploads/2019/08/Turbokompressor-schwitzen.jpg,https://deshevle-tut.ru/data/photos/original/Turbokompressor-schwitzen.jpg,https://deshevle-tut.ru/data/photos/432/432__Turbokompressor-schwitzen.jpg,https://deshevle-tut.ru/data/photos/128/128__Turbokompressor-schwitzen.jpg
40,https://deshevle-tut.ru/wp-content/uploads/2019/08/IMG_0786-22-01-21-12-47.jpg,https://deshevle-tut.ru/data/photos/original/IMG_0786-22-01-21-12-47.jpg,https://deshevle-tut.ru/data/photos/432/432__IMG_0786-22-01-21-12-47.jpg,https://deshevle-tut.ru/data/photos/128/128__IMG_0786-22-01-21-12-47.jpg
41,https://deshevle-tut.ru/wp-content/uploads/2019/08/IMG_0877-22-01-21-12-49-scaled.jpg,https://deshevle-tut.ru/data/photos/original/IMG_0877-22-01-21-12-49-scaled.jpg,https://deshevle-tut.ru/data/photos/432/432__IMG_0877-22-01-21-12-49-scaled.jpg,https://deshevle-tut.ru/data/photos/128/128__IMG_0877-22-01-21-12-49-scaled.jpg
42,https://deshevle-tut.ru/wp-content/uploads/2019/08/TKR-k27-115.jpg,https://deshevle-tut.ru/data/photos/original/TKR-k27-115.jpg,https://deshevle-tut.ru/data/photos/432/432__TKR-k27-115.jpg,https://deshevle-tut.ru/data/photos/128/128__TKR-k27-115.jpg
43,https://deshevle-tut.ru/wp-content/uploads/2019/08/Soshka-gura-4310.jpg,https://deshevle-tut.ru/data/photos/original/Soshka-gura-4310.jpg,https://deshevle-tut.ru/data/photos/432/432__Soshka-gura-4310.jpg,https://deshevle-tut.ru/data/photos/128/128__Soshka-gura-4310.jpg
44,https://deshevle-tut.ru/wp-content/uploads/2019/08/Energoakkumulyatory-tip-24-20.jpg,https://deshevle-tut.ru/data/photos/original/Energoakkumulyatory-tip-24-20.jpg,https://deshevle-tut.ru/data/photos/432/432__Energoakkumulyatory-tip-24-20.jpg,https://deshevle-tut.ru/data/photos/128/128__Energoakkumulyatory-tip-24-20.jpg
45,https://deshevle-tut.ru/wp-content/uploads/2019/08/SHtanga-reaktivnaya-5511-2919012.jpg,https://deshevle-tut.ru/data/photos/original/SHtanga-reaktivnaya-5511-2919012.jpg,https://deshevle-tut.ru/data/photos/432/432__SHtanga-reaktivnaya-5511-2919012.jpg,https://deshevle-tut.ru/data/photos/128/128__SHtanga-reaktivnaya-5511-2919012.jpg
46,https://deshevle-tut.ru/wp-content/uploads/2019/08/Os-balansira.png,https://deshevle-tut.ru/data/photos/original/Os-balansira.png,https://deshevle-tut.ru/data/photos/432/432__Os-balansira.png,https://deshevle-tut.ru/data/photos/128/128__Os-balansira.png
47,https://deshevle-tut.ru/wp-content/uploads/2019/08/Nasos-GURa-shnkf.jpg,https://deshevle-tut.ru/data/photos/original/Nasos-GURa-shnkf.jpg,https://deshevle-tut.ru/data/photos/432/432__Nasos-GURa-shnkf.jpg,https://deshevle-tut.ru/data/photos/128/128__Nasos-GURa-shnkf.jpg
48,https://deshevle-tut.ru/wp-content/uploads/2019/08/Nasos-gura-ZIL.jpg,https://deshevle-tut.ru/data/photos/original/Nasos-gura-ZIL.jpg,https://deshevle-tut.ru/data/photos/432/432__Nasos-gura-ZIL.jpg,https://deshevle-tut.ru/data/photos/128/128__Nasos-gura-ZIL.jpg
49,https://deshevle-tut.ru/wp-content/uploads/2020/07/запчасть-на-фотосессии.jpg,https://deshevle-tut.ru/data/photos/original/запчасть-на-фотосессии.jpg,https://deshevle-tut.ru/data/photos/432/432__запчасть-на-фотосессии.jpg,https://deshevle-tut.ru/data/photos/128/128__запчасть-на-фотосессии.jpg
50,https://deshevle-tut.ru/wp-content/uploads/2020/07/запчасть-на-фотосессии.jpg,https://deshevle-tut.ru/data/photos/original/запчасть-на-фотосессии.jpg,https://deshevle-tut.ru/data/photos/432/432__запчасть-на-фотосессии.jpg,https://deshevle-tut.ru/data/photos/128/128__запчасть-на-фотосессии.jpg
51,https://deshevle-tut.ru/wp-content/uploads/2020/07/IMG_20200324_112329-scaled.jpg,https://deshevle-tut.ru/data/photos/original/IMG_20200324_112329-scaled.jpg,https://deshevle-tut.ru/data/photos/432/432__IMG_20200324_112329-scaled.jpg,https://deshevle-tut.ru/data/photos/128/128__IMG_20200324_112329-scaled.jpg
52,https://deshevle-tut.ru/wp-content/uploads/2020/07/IMG_20190520_103848-scaled.jpg,https://deshevle-tut.ru/data/photos/original/IMG_20190520_103848-scaled.jpg,https://deshevle-tut.ru/data/photos/432/432__IMG_20190520_103848-scaled.jpg,https://deshevle-tut.ru/data/photos/128/128__IMG_20190520_103848-scaled.jpg
53,https://deshevle-tut.ru/wp-content/uploads/2020/07/IMG_20200305_075721-scaled.jpg,https://deshevle-tut.ru/data/photos/original/IMG_20200305_075721-scaled.jpg,https://deshevle-tut.ru/data/photos/432/432__IMG_20200305_075721-scaled.jpg,https://deshevle-tut.ru/data/photos/128/128__IMG_20200305_075721-scaled.jpg
54,https://deshevle-tut.ru/wp-content/uploads/2020/07/IMG_20200305_075734-scaled.jpg,https://deshevle-tut.ru/data/photos/original/IMG_20200305_075734-scaled.jpg,https://deshevle-tut.ru/data/photos/432/432__IMG_20200305_075734-scaled.jpg,https://deshevle-tut.ru/data/photos/128/128__IMG_20200305_075734-scaled.jpg
55,,,,
56,https://deshevle-tut.ru/wp-content/uploads/2020/07/IMG_20190514_101136-scaled.jpg,https://deshevle-tut.ru/data/photos/original/IMG_20190514_101136-scaled.jpg,https://deshevle-tut.ru/data/photos/432/432__IMG_20190514_101136-scaled.jpg,https://deshevle-tut.ru/data/photos/128/128__IMG_20190514_101136-scaled.jpg
57,https://deshevle-tut.ru/wp-content/uploads/2020/07/IMG_0552-22-06-20-09-07.jpg,https://deshevle-tut.ru/data/photos/original/IMG_0552-22-06-20-09-07.jpg,https://deshevle-tut.ru/data/photos/432/432__IMG_0552-22-06-20-09-07.jpg,https://deshevle-tut.ru/data/photos/128/128__IMG_0552-22-06-20-09-07.jpg
58,https://deshevle-tut.ru/wp-content/uploads/2020/07/IMG_20190913_130658-scaled.jpg,https://deshevle-tut.ru/data/photos/original/IMG_20190913_130658-scaled.jpg,https://deshevle-tut.ru/data/photos/432/432__IMG_20190913_130658-scaled.jpg,https://deshevle-tut.ru/data/photos/128/128__IMG_20190913_130658-scaled.jpg
59,https://deshevle-tut.ru/wp-content/uploads/2020/07/IMG_20190313_145817-scaled.jpg,https://deshevle-tut.ru/data/photos/original/IMG_20190313_145817-scaled.jpg,https://deshevle-tut.ru/data/photos/432/432__IMG_20190313_145817-scaled.jpg,https://deshevle-tut.ru/data/photos/128/128__IMG_20190313_145817-scaled.jpg
60,https://deshevle-tut.ru/wp-content/uploads/2020/07/IMG_20190313_130919-scaled.jpg,https://deshevle-tut.ru/data/photos/original/IMG_20190313_130919-scaled.jpg,https://deshevle-tut.ru/data/photos/432/432__IMG_20190313_130919-scaled.jpg,https://deshevle-tut.ru/data/photos/128/128__IMG_20190313_130919-scaled.jpg
61,https://deshevle-tut.ru/wp-content/uploads/2020/07/IMG_20190313_130637-scaled.jpg,https://deshevle-tut.ru/data/photos/original/IMG_20190313_130637-scaled.jpg,https://deshevle-tut.ru/data/photos/432/432__IMG_20190313_130637-scaled.jpg,https://deshevle-tut.ru/data/photos/128/128__IMG_20190313_130637-scaled.jpg
62,https://deshevle-tut.ru/wp-content/uploads/2020/07/IMG_20190313_130637-scaled.jpg,https://deshevle-tut.ru/data/photos/original/IMG_20190313_130637-scaled.jpg,https://deshevle-tut.ru/data/photos/432/432__IMG_20190313_130637-scaled.jpg,https://deshevle-tut.ru/data/photos/128/128__IMG_20190313_130637-scaled.jpg
63,https://deshevle-tut.ru/wp-content/uploads/2020/07/IMG-20200120-WA0031.jpg,https://deshevle-tut.ru/data/photos/original/IMG-20200120-WA0031.jpg,https://deshevle-tut.ru/data/photos/432/432__IMG-20200120-WA0031.jpg,https://deshevle-tut.ru/data/photos/128/128__IMG-20200120-WA0031.jpg
64,https://deshevle-tut.ru/wp-content/uploads/2020/07/IMG-20200120-WA0031-1.jpg,https://deshevle-tut.ru/data/photos/original/IMG-20200120-WA0031-1.jpg,https://deshevle-tut.ru/data/photos/432/432__IMG-20200120-WA0031-1.jpg,https://deshevle-tut.ru/data/photos/128/128__IMG-20200120-WA0031-1.jpg
65,https://deshevle-tut.ru/wp-content/uploads/2020/07/IMG_20190313_131118-scaled.jpg,https://deshevle-tut.ru/data/photos/original/IMG_20190313_131118-scaled.jpg,https://deshevle-tut.ru/data/photos/432/432__IMG_20190313_131118-scaled.jpg,https://deshevle-tut.ru/data/photos/128/128__IMG_20190313_131118-scaled.jpg
66,https://deshevle-tut.ru/wp-content/uploads/2020/07/IMG_20200221_095143-scaled.jpg,https://deshevle-tut.ru/data/photos/original/IMG_20200221_095143-scaled.jpg,https://deshevle-tut.ru/data/photos/432/432__IMG_20200221_095143-scaled.jpg,https://deshevle-tut.ru/data/photos/128/128__IMG_20200221_095143-scaled.jpg
67,https://deshevle-tut.ru/wp-content/uploads/2020/07/f9ba23a2-1f06-4051-9fdc-44ab75adde5b.jpg,https://deshevle-tut.ru/data/photos/original/f9ba23a2-1f06-4051-9fdc-44ab75adde5b.jpg,https://deshevle-tut.ru/data/photos/432/432__f9ba23a2-1f06-4051-9fdc-44ab75adde5b.jpg,https://deshevle-tut.ru/data/photos/128/128__f9ba23a2-1f06-4051-9fdc-44ab75adde5b.jpg
68,https://deshevle-tut.ru/wp-content/uploads/2020/07/IMG_1093-26-05-21-01-14.jpg,https://deshevle-tut.ru/data/photos/original/IMG_1093-26-05-21-01-14.jpg,https://deshevle-tut.ru/data/photos/432/432__IMG_1093-26-05-21-01-14.jpg,https://deshevle-tut.ru/data/photos/128/128__IMG_1093-26-05-21-01-14.jpg
69,https://deshevle-tut.ru/wp-content/uploads/2020/07/IMG_1093-26-05-21-01-14.jpg,https://deshevle-tut.ru/data/photos/original/IMG_1093-26-05-21-01-14.jpg,https://deshevle-tut.ru/data/photos/432/432__IMG_1093-26-05-21-01-14.jpg,https://deshevle-tut.ru/data/photos/128/128__IMG_1093-26-05-21-01-14.jpg
70,https://deshevle-tut.ru/wp-content/uploads/2020/07/IMG_20200311_102753-scaled.jpg,https://deshevle-tut.ru/data/photos/original/IMG_20200311_102753-scaled.jpg,https://deshevle-tut.ru/data/photos/432/432__IMG_20200311_102753-scaled.jpg,https://deshevle-tut.ru/data/photos/128/128__IMG_20200311_102753-scaled.jpg
71,https://deshevle-tut.ru/wp-content/uploads/2020/07/IMG_20200305_104157-scaled.jpg,https://deshevle-tut.ru/data/photos/original/IMG_20200305_104157-scaled.jpg,https://deshevle-tut.ru/data/photos/432/432__IMG_20200305_104157-scaled.jpg,https://deshevle-tut.ru/data/photos/128/128__IMG_20200305_104157-scaled.jpg
72,https://deshevle-tut.ru/wp-content/uploads/2020/07/IMG_20200305_094024-scaled.jpg,https://deshevle-tut.ru/data/photos/original/IMG_20200305_094024-scaled.jpg,https://deshevle-tut.ru/data/photos/432/432__IMG_20200305_094024-scaled.jpg,https://deshevle-tut.ru/data/photos/128/128__IMG_20200305_094024-scaled.jpg
73,https://deshevle-tut.ru/wp-content/uploads/2020/07/IMG_20200305_094003-scaled.jpg,https://deshevle-tut.ru/data/photos/original/IMG_20200305_094003-scaled.jpg,https://deshevle-tut.ru/data/photos/432/432__IMG_20200305_094003-scaled.jpg,https://deshevle-tut.ru/data/photos/128/128__IMG_20200305_094003-scaled.jpg
74,https://deshevle-tut.ru/wp-content/uploads/2020/07/IMG_1110-26-05-21-02-18.jpg,https://deshevle-tut.ru/data/photos/original/IMG_1110-26-05-21-02-18.jpg,https://deshevle-tut.ru/data/photos/432/432__IMG_1110-26-05-21-02-18.jpg,https://deshevle-tut.ru/data/photos/128/128__IMG_1110-26-05-21-02-18.jpg
75,https://deshevle-tut.ru/wp-content/uploads/2020/07/IMG_20200513_080749-scaled.jpg,https://deshevle-tut.ru/data/photos/original/IMG_20200513_080749-scaled.jpg,https://deshevle-tut.ru/data/photos/432/432__IMG_20200513_080749-scaled.jpg,https://deshevle-tut.ru/data/photos/128/128__IMG_20200513_080749-scaled.jpg
76,https://deshevle-tut.ru/wp-content/uploads/2020/07/Korzina-14--scaled.jpg,https://deshevle-tut.ru/data/photos/original/Korzina-14--scaled.jpg,https://deshevle-tut.ru/data/photos/432/432__Korzina-14--scaled.jpg,https://deshevle-tut.ru/data/photos/128/128__Korzina-14--scaled.jpg
77,https://deshevle-tut.ru/wp-content/uploads/2020/07/Korzina-14--scaled.jpg,https://deshevle-tut.ru/data/photos/original/Korzina-14--scaled.jpg,https://deshevle-tut.ru/data/photos/432/432__Korzina-14--scaled.jpg,https://deshevle-tut.ru/data/photos/128/128__Korzina-14--scaled.jpg
78,https://deshevle-tut.ru/wp-content/uploads/2020/07/Korzina-141-scaled.jpg,https://deshevle-tut.ru/data/photos/original/Korzina-141-scaled.jpg,https://deshevle-tut.ru/data/photos/432/432__Korzina-141-scaled.jpg,https://deshevle-tut.ru/data/photos/128/128__Korzina-141-scaled.jpg
79,https://deshevle-tut.ru/wp-content/uploads/2020/07/Korzina-14-1-1-scaled.jpg,https://deshevle-tut.ru/data/photos/original/Korzina-14-1-1-scaled.jpg,https://deshevle-tut.ru/data/photos/432/432__Korzina-14-1-1-scaled.jpg,https://deshevle-tut.ru/data/photos/128/128__Korzina-14-1-1-scaled.jpg
80,https://deshevle-tut.ru/wp-content/uploads/2020/07/IMG_20200318_090242-scaled.jpg,https://deshevle-tut.ru/data/photos/original/IMG_20200318_090242-scaled.jpg,https://deshevle-tut.ru/data/photos/432/432__IMG_20200318_090242-scaled.jpg,https://deshevle-tut.ru/data/photos/128/128__IMG_20200318_090242-scaled.jpg
81,https://deshevle-tut.ru/wp-content/uploads/2020/07/IMG-20200120-WA0010.jpg,https://deshevle-tut.ru/data/photos/original/IMG-20200120-WA0010.jpg,https://deshevle-tut.ru/data/photos/432/432__IMG-20200120-WA0010.jpg,https://deshevle-tut.ru/data/photos/128/128__IMG-20200120-WA0010.jpg
82,https://deshevle-tut.ru/wp-content/uploads/2020/07/IMG-20200120-WA0032.jpg,https://deshevle-tut.ru/data/photos/original/IMG-20200120-WA0032.jpg,https://deshevle-tut.ru/data/photos/432/432__IMG-20200120-WA0032.jpg,https://deshevle-tut.ru/data/photos/128/128__IMG-20200120-WA0032.jpg
83,https://deshevle-tut.ru/wp-content/uploads/2020/07/IMG_1087-26-05-21-01-14.jpg,https://deshevle-tut.ru/data/photos/original/IMG_1087-26-05-21-01-14.jpg,https://deshevle-tut.ru/data/photos/432/432__IMG_1087-26-05-21-01-14.jpg,https://deshevle-tut.ru/data/photos/128/128__IMG_1087-26-05-21-01-14.jpg
84,https://deshevle-tut.ru/wp-content/uploads/2020/07/IMG_20200513_081055-scaled.jpg,https://deshevle-tut.ru/data/photos/original/IMG_20200513_081055-scaled.jpg,https://deshevle-tut.ru/data/photos/432/432__IMG_20200513_081055-scaled.jpg,https://deshevle-tut.ru/data/photos/128/128__IMG_20200513_081055-scaled.jpg
85,https://deshevle-tut.ru/wp-content/uploads/2020/07/IMG_1084-26-05-21-01-14.jpg,https://deshevle-tut.ru/data/photos/original/IMG_1084-26-05-21-01-14.jpg,https://deshevle-tut.ru/data/photos/432/432__IMG_1084-26-05-21-01-14.jpg,https://deshevle-tut.ru/data/photos/128/128__IMG_1084-26-05-21-01-14.jpg
86,https://deshevle-tut.ru/wp-content/uploads/2020/07/IMG_20200318_091225-scaled.jpg,https://deshevle-tut.ru/data/photos/original/IMG_20200318_091225-scaled.jpg,https://deshevle-tut.ru/data/photos/432/432__IMG_20200318_091225-scaled.jpg,https://deshevle-tut.ru/data/photos/128/128__IMG_20200318_091225-scaled.jpg
87,https://deshevle-tut.ru/wp-content/uploads/2020/07/IMG_1102-26-05-21-01-53.jpg,https://deshevle-tut.ru/data/photos/original/IMG_1102-26-05-21-01-53.jpg,https://deshevle-tut.ru/data/photos/432/432__IMG_1102-26-05-21-01-53.jpg,https://deshevle-tut.ru/data/photos/128/128__IMG_1102-26-05-21-01-53.jpg
88,https://deshevle-tut.ru/wp-content/uploads/2020/07/IMG_1099-26-05-21-01-53.jpg,https://deshevle-tut.ru/data/photos/original/IMG_1099-26-05-21-01-53.jpg,https://deshevle-tut.ru/data/photos/432/432__IMG_1099-26-05-21-01-53.jpg,https://deshevle-tut.ru/data/photos/128/128__IMG_1099-26-05-21-01-53.jpg
89,https://deshevle-tut.ru/wp-content/uploads/2020/07/IMG_20200311_104100-scaled.jpg,https://deshevle-tut.ru/data/photos/original/IMG_20200311_104100-scaled.jpg,https://deshevle-tut.ru/data/photos/432/432__IMG_20200311_104100-scaled.jpg,https://deshevle-tut.ru/data/photos/128/128__IMG_20200311_104100-scaled.jpg
90,https://deshevle-tut.ru/wp-content/uploads/2020/07/0839008a-7f15-4428-8d68-8f1bdf9c8bfd.jpg,https://deshevle-tut.ru/data/photos/original/0839008a-7f15-4428-8d68-8f1bdf9c8bfd.jpg,https://deshevle-tut.ru/data/photos/432/432__0839008a-7f15-4428-8d68-8f1bdf9c8bfd.jpg,https://deshevle-tut.ru/data/photos/128/128__0839008a-7f15-4428-8d68-8f1bdf9c8bfd.jpg
91,https://deshevle-tut.ru/wp-content/uploads/2020/07/IMG_20190313_130801-scaled.jpg,https://deshevle-tut.ru/data/photos/original/IMG_20190313_130801-scaled.jpg,https://deshevle-tut.ru/data/photos/432/432__IMG_20190313_130801-scaled.jpg,https://deshevle-tut.ru/data/photos/128/128__IMG_20190313_130801-scaled.jpg
92,https://deshevle-tut.ru/wp-content/uploads/2020/07/IMG_0592-scaled.jpg,https://deshevle-tut.ru/data/photos/original/IMG_0592-scaled.jpg,https://deshevle-tut.ru/data/photos/432/432__IMG_0592-scaled.jpg,https://deshevle-tut.ru/data/photos/128/128__IMG_0592-scaled.jpg
93,https://deshevle-tut.ru/wp-content/uploads/2020/07/image-20-07-20-04-14-scaled.jpeg,https://deshevle-tut.ru/data/photos/original/image-20-07-20-04-14-scaled.jpeg,https://deshevle-tut.ru/data/photos/432/432__image-20-07-20-04-14-scaled.jpeg,https://deshevle-tut.ru/data/photos/128/128__image-20-07-20-04-14-scaled.jpeg
94,https://deshevle-tut.ru/wp-content/uploads/2020/07/IMG_0525.jpg,https://deshevle-tut.ru/data/photos/original/IMG_0525.jpg,https://deshevle-tut.ru/data/photos/432/432__IMG_0525.jpg,https://deshevle-tut.ru/data/photos/128/128__IMG_0525.jpg
95,https://deshevle-tut.ru/wp-content/uploads/2020/07/IMG_0525.jpg,https://deshevle-tut.ru/data/photos/original/IMG_0525.jpg,https://deshevle-tut.ru/data/photos/432/432__IMG_0525.jpg,https://deshevle-tut.ru/data/photos/128/128__IMG_0525.jpg
96,https://deshevle-tut.ru/wp-content/uploads/2020/07/запчасть-на-фотосессии.jpg,https://deshevle-tut.ru/data/photos/original/запчасть-на-фотосессии.jpg,https://deshevle-tut.ru/data/photos/432/432__запчасть-на-фотосессии.jpg,https://deshevle-tut.ru/data/photos/128/128__запчасть-на-фотосессии.jpg
97,https://deshevle-tut.ru/wp-content/uploads/2020/07/запчасть-на-фотосессии.jpg,https://deshevle-tut.ru/data/photos/original/запчасть-на-фотосессии.jpg,https://deshevle-tut.ru/data/photos/432/432__запчасть-на-фотосессии.jpg,https://deshevle-tut.ru/data/photos/128/128__запчасть-на-фотосессии.jpg
98,https://deshevle-tut.ru/wp-content/uploads/2020/07/IMG_20190903_141035-scaled.jpg,https://deshevle-tut.ru/data/photos/original/IMG_20190903_141035-scaled.jpg,https://deshevle-tut.ru/data/photos/432/432__IMG_20190903_141035-scaled.jpg,https://deshevle-tut.ru/data/photos/128/128__IMG_20190903_141035-scaled.jpg
99,https://deshevle-tut.ru/wp-content/uploads/2020/07/запчасть-на-фотосессии.jpg,https://deshevle-tut.ru/data/photos/original/запчасть-на-фотосессии.jpg,https://deshevle-tut.ru/data/photos/432/432__запчасть-на-фотосессии.jpg,https://deshevle-tut.ru/data/photos/128/128__запчасть-на-фотосессии.jpg
100,https://deshevle-tut.ru/wp-content/uploads/2020/07/IMG_20200221_095421-scaled.jpg,https://deshevle-tut.ru/data/photos/original/IMG_20200221_095421-scaled.jpg,https://deshevle-tut.ru/data/photos/432/432__IMG_20200221_095421-scaled.jpg,https://deshevle-tut.ru/data/photos/128/128__IMG_20200221_095421-scaled.jpg
101,https://deshevle-tut.ru/wp-content/uploads/2020/07/IMG_20200221_095326-scaled.jpg,https://deshevle-tut.ru/data/photos/original/IMG_20200221_095326-scaled.jpg,https://deshevle-tut.ru/data/photos/432/432__IMG_20200221_095326-scaled.jpg,https://deshevle-tut.ru/data/photos/128/128__IMG_20200221_095326-scaled.jpg
102,https://deshevle-tut.ru/wp-content/uploads/2020/07/IMG_20190514_100641-scaled.jpg,https://deshevle-tut.ru/data/photos/original/IMG_20190514_100641-scaled.jpg,https://deshevle-tut.ru/data/photos/432/432__IMG_20190514_100641-scaled.jpg,https://deshevle-tut.ru/data/photos/128/128__IMG_20190514_100641-scaled.jpg
103,https://deshevle-tut.ru/wp-content/uploads/2020/07/IMG_20200513_080855-scaled.jpg,https://deshevle-tut.ru/data/photos/original/IMG_20200513_080855-scaled.jpg,https://deshevle-tut.ru/data/photos/432/432__IMG_20200513_080855-scaled.jpg,https://deshevle-tut.ru/data/photos/128/128__IMG_20200513_080855-scaled.jpg
104,https://deshevle-tut.ru/wp-content/uploads/2020/07/запчасть-на-фотосессии.jpg,https://deshevle-tut.ru/data/photos/original/запчасть-на-фотосессии.jpg,https://deshevle-tut.ru/data/photos/432/432__запчасть-на-фотосессии.jpg,https://deshevle-tut.ru/data/photos/128/128__запчасть-на-фотосессии.jpg
105,https://deshevle-tut.ru/wp-content/uploads/2020/07/запчасть-на-фотосессии.jpg,https://deshevle-tut.ru/data/photos/original/запчасть-на-фотосессии.jpg,https://deshevle-tut.ru/data/photos/432/432__запчасть-на-фотосессии.jpg,https://deshevle-tut.ru/data/photos/128/128__запчасть-на-фотосессии.jpg
106,https://deshevle-tut.ru/wp-content/uploads/2020/07/запчасть-на-фотосессии.jpg,https://deshevle-tut.ru/data/photos/original/запчасть-на-фотосессии.jpg,https://deshevle-tut.ru/data/photos/432/432__запчасть-на-фотосессии.jpg,https://deshevle-tut.ru/data/photos/128/128__запчасть-на-фотосессии.jpg
107,https://deshevle-tut.ru/wp-content/uploads/2019/07/IMG_20190619_153716.jpg,https://deshevle-tut.ru/data/photos/original/IMG_20190619_153716.jpg,https://deshevle-tut.ru/data/photos/432/432__IMG_20190619_153716.jpg,https://deshevle-tut.ru/data/photos/128/128__IMG_20190619_153716.jpg
108,https://deshevle-tut.ru/wp-content/uploads/2020/07/IMG_0511-21-07-20-10-56.jpg,https://deshevle-tut.ru/data/photos/original/IMG_0511-21-07-20-10-56.jpg,https://deshevle-tut.ru/data/photos/432/432__IMG_0511-21-07-20-10-56.jpg,https://deshevle-tut.ru/data/photos/128/128__IMG_0511-21-07-20-10-56.jpg
109,https://deshevle-tut.ru/wp-content/uploads/2020/07/запчасть-на-фотосессии.jpg,https://deshevle-tut.ru/data/photos/original/запчасть-на-фотосессии.jpg,https://deshevle-tut.ru/data/photos/432/432__запчасть-на-фотосессии.jpg,https://deshevle-tut.ru/data/photos/128/128__запчасть-на-фотосессии.jpg
110,https://deshevle-tut.ru/wp-content/uploads/2020/07/запчасть-на-фотосессии.jpg,https://deshevle-tut.ru/data/photos/original/запчасть-на-фотосессии.jpg,https://deshevle-tut.ru/data/photos/432/432__запчасть-на-фотосессии.jpg,https://deshevle-tut.ru/data/photos/128/128__запчасть-на-фотосессии.jpg
111,https://deshevle-tut.ru/wp-content/uploads/2020/07/IMG-20200120-WA0026.jpg,https://deshevle-tut.ru/data/photos/original/IMG-20200120-WA0026.jpg,https://deshevle-tut.ru/data/photos/432/432__IMG-20200120-WA0026.jpg,https://deshevle-tut.ru/data/photos/128/128__IMG-20200120-WA0026.jpg
112,https://deshevle-tut.ru/wp-content/uploads/2020/07/IMG_20200227_092811-scaled.jpg,https://deshevle-tut.ru/data/photos/original/IMG_20200227_092811-scaled.jpg,https://deshevle-tut.ru/data/photos/432/432__IMG_20200227_092811-scaled.jpg,https://deshevle-tut.ru/data/photos/128/128__IMG_20200227_092811-scaled.jpg
113,https://deshevle-tut.ru/wp-content/uploads/2020/07/IMG_20200227_092811-scaled.jpg,https://deshevle-tut.ru/data/photos/original/IMG_20200227_092811-scaled.jpg,https://deshevle-tut.ru/data/photos/432/432__IMG_20200227_092811-scaled.jpg,https://deshevle-tut.ru/data/photos/128/128__IMG_20200227_092811-scaled.jpg
114,https://deshevle-tut.ru/wp-content/uploads/2020/07/IMG-20200120-WA0041.jpg,https://deshevle-tut.ru/data/photos/original/IMG-20200120-WA0041.jpg,https://deshevle-tut.ru/data/photos/432/432__IMG-20200120-WA0041.jpg,https://deshevle-tut.ru/data/photos/128/128__IMG-20200120-WA0041.jpg
115,https://deshevle-tut.ru/wp-content/uploads/2020/07/IMG_1106-26-05-21-02-18.jpg,https://deshevle-tut.ru/data/photos/original/IMG_1106-26-05-21-02-18.jpg,https://deshevle-tut.ru/data/photos/432/432__IMG_1106-26-05-21-02-18.jpg,https://deshevle-tut.ru/data/photos/128/128__IMG_1106-26-05-21-02-18.jpg
116,https://deshevle-tut.ru/wp-content/uploads/2020/07/IMG_20190312_133304-scaled.jpg,https://deshevle-tut.ru/data/photos/original/IMG_20190312_133304-scaled.jpg,https://deshevle-tut.ru/data/photos/432/432__IMG_20190312_133304-scaled.jpg,https://deshevle-tut.ru/data/photos/128/128__IMG_20190312_133304-scaled.jpg
117,https://deshevle-tut.ru/wp-content/uploads/2020/07/IMG_20200313_113511-scaled.jpg,https://deshevle-tut.ru/data/photos/original/IMG_20200313_113511-scaled.jpg,https://deshevle-tut.ru/data/photos/432/432__IMG_20200313_113511-scaled.jpg,https://deshevle-tut.ru/data/photos/128/128__IMG_20200313_113511-scaled.jpg
118,https://deshevle-tut.ru/wp-content/uploads/2020/07/IMG_20200313_113447-scaled.jpg,https://deshevle-tut.ru/data/photos/original/IMG_20200313_113447-scaled.jpg,https://deshevle-tut.ru/data/photos/432/432__IMG_20200313_113447-scaled.jpg,https://deshevle-tut.ru/data/photos/128/128__IMG_20200313_113447-scaled.jpg
119,https://deshevle-tut.ru/wp-content/uploads/2020/07/IMG_0598-28-07-20-01-41-e1595933385844.jpg,https://deshevle-tut.ru/data/photos/original/IMG_0598-28-07-20-01-41-e1595933385844.jpg,https://deshevle-tut.ru/data/photos/432/432__IMG_0598-28-07-20-01-41-e1595933385844.jpg,https://deshevle-tut.ru/data/photos/128/128__IMG_0598-28-07-20-01-41-e1595933385844.jpg
120,https://deshevle-tut.ru/wp-content/uploads/2020/07/IMG_0246-28-07-20-01-51.jpg,https://deshevle-tut.ru/data/photos/original/IMG_0246-28-07-20-01-51.jpg,https://deshevle-tut.ru/data/photos/432/432__IMG_0246-28-07-20-01-51.jpg,https://deshevle-tut.ru/data/photos/128/128__IMG_0246-28-07-20-01-51.jpg
121,https://deshevle-tut.ru/wp-content/uploads/2020/07/IMG_0599-28-07-20-01-45.jpg,https://deshevle-tut.ru/data/photos/original/IMG_0599-28-07-20-01-45.jpg,https://deshevle-tut.ru/data/photos/432/432__IMG_0599-28-07-20-01-45.jpg,https://deshevle-tut.ru/data/photos/128/128__IMG_0599-28-07-20-01-45.jpg
122,https://deshevle-tut.ru/wp-content/uploads/2020/07/IMG_0413-28-07-20-01-58.jpg,https://deshevle-tut.ru/data/photos/original/IMG_0413-28-07-20-01-58.jpg,https://deshevle-tut.ru/data/photos/432/432__IMG_0413-28-07-20-01-58.jpg,https://deshevle-tut.ru/data/photos/128/128__IMG_0413-28-07-20-01-58.jpg
123,https://deshevle-tut.ru/wp-content/uploads/2021/01/e6e38c15-b767-4974-a3c3-c3e8836704ff.jpg,https://deshevle-tut.ru/data/photos/original/e6e38c15-b767-4974-a3c3-c3e8836704ff.jpg,https://deshevle-tut.ru/data/photos/432/432__e6e38c15-b767-4974-a3c3-c3e8836704ff.jpg,https://deshevle-tut.ru/data/photos/128/128__e6e38c15-b767-4974-a3c3-c3e8836704ff.jpg
124,https://deshevle-tut.ru/wp-content/uploads/2021/01/IMG_0927-03-02-21-02-08.jpg,https://deshevle-tut.ru/data/photos/original/IMG_0927-03-02-21-02-08.jpg,https://deshevle-tut.ru/data/photos/432/432__IMG_0927-03-02-21-02-08.jpg,https://deshevle-tut.ru/data/photos/128/128__IMG_0927-03-02-21-02-08.jpg
125,https://deshevle-tut.ru/wp-content/uploads/2020/07/запчасть-на-фотосессии.jpg,https://deshevle-tut.ru/data/photos/original/запчасть-на-фотосессии.jpg,https://deshevle-tut.ru/data/photos/432/432__запчасть-на-фотосессии.jpg,https://deshevle-tut.ru/data/photos/128/128__запчасть-на-фотосессии.jpg
126,https://deshevle-tut.ru/wp-content/uploads/2021/01/96bee6c5-c999-4fac-b312-7691b2e22750.jpg,https://deshevle-tut.ru/data/photos/original/96bee6c5-c999-4fac-b312-7691b2e22750.jpg,https://deshevle-tut.ru/data/photos/432/432__96bee6c5-c999-4fac-b312-7691b2e22750.jpg,https://deshevle-tut.ru/data/photos/128/128__96bee6c5-c999-4fac-b312-7691b2e22750.jpg
127,https://deshevle-tut.ru/wp-content/uploads/2020/07/запчасть-на-фотосессии.jpg,https://deshevle-tut.ru/data/photos/original/запчасть-на-фотосессии.jpg,https://deshevle-tut.ru/data/photos/432/432__запчасть-на-фотосессии.jpg,https://deshevle-tut.ru/data/photos/128/128__запчасть-на-фотосессии.jpg
128,https://deshevle-tut.ru/wp-content/uploads/2020/07/запчасть-на-фотосессии.jpg,https://deshevle-tut.ru/data/photos/original/запчасть-на-фотосессии.jpg,https://deshevle-tut.ru/data/photos/432/432__запчасть-на-фотосессии.jpg,https://deshevle-tut.ru/data/photos/128/128__запчасть-на-фотосессии.jpg
129,https://deshevle-tut.ru/wp-content/uploads/2020/07/запчасть-на-фотосессии.jpg,https://deshevle-tut.ru/data/photos/original/запчасть-на-фотосессии.jpg,https://deshevle-tut.ru/data/photos/432/432__запчасть-на-фотосессии.jpg,https://deshevle-tut.ru/data/photos/128/128__запчасть-на-фотосессии.jpg
130,https://deshevle-tut.ru/wp-content/uploads/2021/01/IMG_1034-16-04-21-09-37.jpg,https://deshevle-tut.ru/data/photos/original/IMG_1034-16-04-21-09-37.jpg,https://deshevle-tut.ru/data/photos/432/432__IMG_1034-16-04-21-09-37.jpg,https://deshevle-tut.ru/data/photos/128/128__IMG_1034-16-04-21-09-37.jpg
131,https://deshevle-tut.ru/wp-content/uploads/2020/07/запчасть-на-фотосессии.jpg,https://deshevle-tut.ru/data/photos/original/запчасть-на-фотосессии.jpg,https://deshevle-tut.ru/data/photos/432/432__запчасть-на-фотосессии.jpg,https://deshevle-tut.ru/data/photos/128/128__запчасть-на-фотосессии.jpg
132,https://deshevle-tut.ru/wp-content/uploads/2020/07/IMG_20200313_113511-scaled.jpg,https://deshevle-tut.ru/data/photos/original/IMG_20200313_113511-scaled.jpg,https://deshevle-tut.ru/data/photos/432/432__IMG_20200313_113511-scaled.jpg,https://deshevle-tut.ru/data/photos/128/128__IMG_20200313_113511-scaled.jpg
133,https://deshevle-tut.ru/wp-content/uploads/2021/02/IMG_1438-06-10-21-09-14.jpg,https://deshevle-tut.ru/data/photos/original/IMG_1438-06-10-21-09-14.jpg,https://deshevle-tut.ru/data/photos/432/432__IMG_1438-06-10-21-09-14.jpg,https://deshevle-tut.ru/data/photos/128/128__IMG_1438-06-10-21-09-14.jpg
134,https://deshevle-tut.ru/wp-content/uploads/2020/07/запчасть-на-фотосессии.jpg,https://deshevle-tut.ru/data/photos/original/запчасть-на-фотосессии.jpg,https://deshevle-tut.ru/data/photos/432/432__запчасть-на-фотосессии.jpg,https://deshevle-tut.ru/data/photos/128/128__запчасть-на-фотосессии.jpg
135,https://deshevle-tut.ru/wp-content/uploads/2021/02/FullSizeRender-28-07-20-02-04.jpg,https://deshevle-tut.ru/data/photos/original/FullSizeRender-28-07-20-02-04.jpg,https://deshevle-tut.ru/data/photos/432/432__FullSizeRender-28-07-20-02-04.jpg,https://deshevle-tut.ru/data/photos/128/128__FullSizeRender-28-07-20-02-04.jpg
136,https://deshevle-tut.ru/wp-content/uploads/2020/07/запчасть-на-фотосессии.jpg,https://deshevle-tut.ru/data/photos/original/запчасть-на-фотосессии.jpg,https://deshevle-tut.ru/data/photos/432/432__запчасть-на-фотосессии.jpg,https://deshevle-tut.ru/data/photos/128/128__запчасть-на-фотосессии.jpg
137,https://deshevle-tut.ru/wp-content/uploads/2020/07/запчасть-на-фотосессии.jpg,https://deshevle-tut.ru/data/photos/original/запчасть-на-фотосессии.jpg,https://deshevle-tut.ru/data/photos/432/432__запчасть-на-фотосессии.jpg,https://deshevle-tut.ru/data/photos/128/128__запчасть-на-фотосессии.jpg
138,https://deshevle-tut.ru/wp-content/uploads/2020/07/запчасть-на-фотосессии.jpg,https://deshevle-tut.ru/data/photos/original/запчасть-на-фотосессии.jpg,https://deshevle-tut.ru/data/photos/432/432__запчасть-на-фотосессии.jpg,https://deshevle-tut.ru/data/photos/128/128__запчасть-на-фотосессии.jpg
139,https://deshevle-tut.ru/wp-content/uploads/2020/07/запчасть-на-фотосессии.jpg,https://deshevle-tut.ru/data/photos/original/запчасть-на-фотосессии.jpg,https://deshevle-tut.ru/data/photos/432/432__запчасть-на-фотосессии.jpg,https://deshevle-tut.ru/data/photos/128/128__запчасть-на-фотосессии.jpg
140,https://deshevle-tut.ru/wp-content/uploads/2020/07/запчасть-на-фотосессии.jpg,https://deshevle-tut.ru/data/photos/original/запчасть-на-фотосессии.jpg,https://deshevle-tut.ru/data/photos/432/432__запчасть-на-фотосессии.jpg,https://deshevle-tut.ru/data/photos/128/128__запчасть-на-фотосессии.jpg
141,https://deshevle-tut.ru/wp-content/uploads/2021/02/313886eb-8008-4023-be6a-3701d49766c5.jpg,https://deshevle-tut.ru/data/photos/original/313886eb-8008-4023-be6a-3701d49766c5.jpg,https://deshevle-tut.ru/data/photos/432/432__313886eb-8008-4023-be6a-3701d49766c5.jpg,https://deshevle-tut.ru/data/photos/128/128__313886eb-8008-4023-be6a-3701d49766c5.jpg
142,https://deshevle-tut.ru/wp-content/uploads/2021/02/63b6ec8d-cb01-457a-8dc1-2fe18a47a4dd.jpg,https://deshevle-tut.ru/data/photos/original/63b6ec8d-cb01-457a-8dc1-2fe18a47a4dd.jpg,https://deshevle-tut.ru/data/photos/432/432__63b6ec8d-cb01-457a-8dc1-2fe18a47a4dd.jpg,https://deshevle-tut.ru/data/photos/128/128__63b6ec8d-cb01-457a-8dc1-2fe18a47a4dd.jpg
143,https://deshevle-tut.ru/wp-content/uploads/2021/02/3ae0fcfd-8def-46c3-bda8-65f8a5c22fff.jpg,https://deshevle-tut.ru/data/photos/original/3ae0fcfd-8def-46c3-bda8-65f8a5c22fff.jpg,https://deshevle-tut.ru/data/photos/432/432__3ae0fcfd-8def-46c3-bda8-65f8a5c22fff.jpg,https://deshevle-tut.ru/data/photos/128/128__3ae0fcfd-8def-46c3-bda8-65f8a5c22fff.jpg
144,https://deshevle-tut.ru/wp-content/uploads/2021/04/e0a9b48d-4304-446f-b22d-9d7ca409d0d7.jpg,https://deshevle-tut.ru/data/photos/original/e0a9b48d-4304-446f-b22d-9d7ca409d0d7.jpg,https://deshevle-tut.ru/data/photos/432/432__e0a9b48d-4304-446f-b22d-9d7ca409d0d7.jpg,https://deshevle-tut.ru/data/photos/128/128__e0a9b48d-4304-446f-b22d-9d7ca409d0d7.jpg
145,https://deshevle-tut.ru/wp-content/uploads/2021/05/IMG_0584-27-05-21-09-54-scaled.jpg,https://deshevle-tut.ru/data/photos/original/IMG_0584-27-05-21-09-54-scaled.jpg,https://deshevle-tut.ru/data/photos/432/432__IMG_0584-27-05-21-09-54-scaled.jpg,https://deshevle-tut.ru/data/photos/128/128__IMG_0584-27-05-21-09-54-scaled.jpg
146,https://deshevle-tut.ru/wp-content/uploads/2020/07/запчасть-на-фотосессии.jpg,https://deshevle-tut.ru/data/photos/original/запчасть-на-фотосессии.jpg,https://deshevle-tut.ru/data/photos/432/432__запчасть-на-фотосессии.jpg,https://deshevle-tut.ru/data/photos/128/128__запчасть-на-фотосессии.jpg
147,https://deshevle-tut.ru/wp-content/uploads/2021/05/dfd08f43-a4d7-4149-938c-0b8274036a26.jpg,https://deshevle-tut.ru/data/photos/original/dfd08f43-a4d7-4149-938c-0b8274036a26.jpg,https://deshevle-tut.ru/data/photos/432/432__dfd08f43-a4d7-4149-938c-0b8274036a26.jpg,https://deshevle-tut.ru/data/photos/128/128__dfd08f43-a4d7-4149-938c-0b8274036a26.jpg
148,https://deshevle-tut.ru/wp-content/uploads/2020/07/запчасть-на-фотосессии.jpg,https://deshevle-tut.ru/data/photos/original/запчасть-на-фотосессии.jpg,https://deshevle-tut.ru/data/photos/432/432__запчасть-на-фотосессии.jpg,https://deshevle-tut.ru/data/photos/128/128__запчасть-на-фотосессии.jpg
149,https://deshevle-tut.ru/wp-content/uploads/2021/05/IMG_20190315_131613-scaled.jpg,https://deshevle-tut.ru/data/photos/original/IMG_20190315_131613-scaled.jpg,https://deshevle-tut.ru/data/photos/432/432__IMG_20190315_131613-scaled.jpg,https://deshevle-tut.ru/data/photos/128/128__IMG_20190315_131613-scaled.jpg
150,https://deshevle-tut.ru/wp-content/uploads/2021/05/IMG_1434-06-10-21-09-03.jpg,https://deshevle-tut.ru/data/photos/original/IMG_1434-06-10-21-09-03.jpg,https://deshevle-tut.ru/data/photos/432/432__IMG_1434-06-10-21-09-03.jpg,https://deshevle-tut.ru/data/photos/128/128__IMG_1434-06-10-21-09-03.jpg
151,https://deshevle-tut.ru/wp-content/uploads/2020/07/запчасть-на-фотосессии.jpg,https://deshevle-tut.ru/data/photos/original/запчасть-на-фотосессии.jpg,https://deshevle-tut.ru/data/photos/432/432__запчасть-на-фотосессии.jpg,https://deshevle-tut.ru/data/photos/128/128__запчасть-на-фотосессии.jpg
152,https://deshevle-tut.ru/wp-content/uploads/2020/07/запчасть-на-фотосессии.jpg,https://deshevle-tut.ru/data/photos/original/запчасть-на-фотосессии.jpg,https://deshevle-tut.ru/data/photos/432/432__запчасть-на-фотосессии.jpg,https://deshevle-tut.ru/data/photos/128/128__запчасть-на-фотосессии.jpg
153,https://deshevle-tut.ru/wp-content/uploads/2020/07/запчасть-на-фотосессии.jpg,https://deshevle-tut.ru/data/photos/original/запчасть-на-фотосессии.jpg,https://deshevle-tut.ru/data/photos/432/432__запчасть-на-фотосессии.jpg,https://deshevle-tut.ru/data/photos/128/128__запчасть-на-фотосессии.jpg
